<?xml version="1.0" encoding="utf-8"?>
<data>
	<channel>
				<item>
			<link>http://www.phpb2b.com/</link>
			<image>attachment/sample/breathe-product1.jpg</image>
		</item>
				<item>
			<link>http://www.phpb2b.com/</link>
			<image>attachment/sample/breathe-product2.jpg</image>
		</item>
			</channel>
	<config>	
		<roundCorner>0</roundCorner>
		<autoPlayTime>6.5</autoPlayTime>
		<isHeightQuality>false</isHeightQuality>
		<blendMode>normal</blendMode>
		<transDuration>1</transDuration>
		<windowOpen>_self</windowOpen>
		<btnSetMargin>auto 5 5 auto</btnSetMargin>
		<btnDistance>20</btnDistance>
		<titleBgColor>0xC08C3A</titleBgColor>
		<titleTextColor>0xffffff</titleTextColor>
		<titleBgAlpha>.75</titleBgAlpha>
		<titleMoveDuration>1</titleMoveDuration>
		<btnAlpha>.7</btnAlpha>	
		<btnTextColor>0xffffff</btnTextColor>	
		<btnDefaultColor>0x1B3433</btnDefaultColor>
		<btnHoverColor>0xff9900</btnHoverColor>
		<btnFocusColor>0xff6600</btnFocusColor>
		<changImageMode>click</changImageMode>
		<isShowBtn>true</isShowBtn>
		<isShowTitle>false</isShowTitle>
		<scaleMode>noBorder</scaleMode>
		<transform>breathe</transform>
		<isShowAbout>false</isShowAbout>
		<titleFont>Arial Black</titleFont>
	</config>
</data>